node,pagerank
5038,0.011403033206419748
273,0.003228111394184455
140,0.0030076300160099697
458,0.0029570824688975174
588,0.0029295871965246655
566,0.0029004405528320083
1028,0.0027793114127062733
1139,0.002548206622663986
370,0.0023396298106885738
893,0.0021776314826380894
