node,betweenness_centrality
5038,0.05892941513625663
140,0.05788336568253793
458,0.04334865549554267
588,0.03708516226401872
566,0.03639756236860373
273,0.033475897438663
1139,0.03191685236576148
46,0.028802632191101074
1028,0.027366336599388693
195,0.026063756534803573
