node,degree_centrality
5038,0.03769316726172631
273,0.037257093020086667
458,0.034368101169224057
140,0.033932026927584416
1028,0.03390477228748194
195,0.03115205363713172
370,0.029952849472622712
1139,0.02910795562944591
136,0.027963260745141858
566,0.02518328745468916
