node,eigenvector_centrality
136,0.14956143435991467
195,0.12707629611017557
76,0.12645874758171824
370,0.12131422994248217
1028,0.1124104955983728
273,0.11206907689473204
734,0.10439900013481933
416,0.10053711666571905
175,0.09889770533841186
292,0.09748767156031979
