,n,m,avg_degree,clustering,avg_path_approx,diam_approx,assortativity
Enron-sample,1730.0,3460.0,4.0,0.23144983627699262,4.303938692886061,13.0,-0.18454488238474376
ER,1701.0,3431.0,4.034097589653145,0.004102191491962215,5.570838235294118,12.0,-0.013203945278308727
BA,1730.0,3456.0,3.9953757225433524,0.015433193876813594,4.339919028340081,7.0,-0.054188199518922314
WS,1730.0,3460.0,4.0,0.37710982658959563,9.704242336610758,17.0,-0.006323377272874851
